{
    "MAE": 5659776.910923267,
    "MSE": 138914142905344.05,
    "RMSE": 11786184.408252912,
    "R2": 0.2913355596320637
}