{
    "MAE": 5127092.560505001,
    "MSE": 104791030929682.0,
    "RMSE": 10236749.041061914,
    "R2": 0.4654131268695656
}