{
    "MAE": 5658916.936427371,
    "MSE": 138858481736443.16,
    "RMSE": 11783822.882937573,
    "R2": 0.2916195126571798
}